domain,status,portfolio_group,language_market,est_value_low_usd,est_value_high_usd,defensible_value_note,brandability_1_10,sale_potential,buyer_categories_top3,top_buyers_with_dmps,sample_micro_message,notes
coldbeerportfolio,PRIORITY,Beer Bundle,EN,,,"$350,000 (PORTFOLIO BUNDLE anchor — multiple beer domains, 60-day exclusive)",,,,,"AB InBev sells cold beer everywhere — the portfolio owns the phrases consumers say: chela fría, birra fría, uma gelada. The premium domains name the category in six markets. Worth a conversation?",
vivamucho.com,PRIORITY,Spanish/LatAm,EN,,,"$179,991 (central (recommended))",,,"Spanish-language longevity/wellness clinics & doctors; health/fitness content creators (Dr. Carlos Jaramillo, Dr. Bayter, Patry Jordan); premium wellness travel/lifestyle brands",Airbnb (DMPS 92); Expedia Group (DMPS 90); Booking.com (DMPS 88),Llevas 30 años enseñando a vivir más y mejor — tu marca personal es ese mensaje. El dominio premium VivaMucho.com lo resume en dos palabras. ¿Tiene sentido para tu próximo portal?,
vivemucho.com,PRIORITY,Spanish/LatAm,ES,500,2000,"$179,991 (central (recommended))",4,Low,FitOn; 8fit; Freeletics,FitOn (DMPS 82); 8fit (DMPS 80); Freeletics (DMPS 78),Llevas 30 años enseñando a vivir más y mejor — tu marca personal es ese mensaje. El dominio premium ViveMucho.com lo resume en dos palabras. ¿Tiene sentido para tu próximo portal?,
lavoiture.ai,PRIORITY,Core,FR,15000,45000,"$40,000 (asking anchor $35,000-$45,000)",9,LAUNCHED,"Automotive (France/Europe): EV manufacturing, autonomous driving, AI mobility, fleet management, battery/charging infrastructure (leads §2 Industry Targets)",Lion Electric (DMPS 94) — Marc Bédard (CEO & Founder); Stellantis (DMPS 92); Renault Group (DMPS 91),"Flott construit l'OS IA de la gestion de flotte — « la voiture » est votre catégorie. Le domaine premium LaVoiture.ai le dit en deux mots, dans la langue de votre marché. Intéressé ?","5 CEO changes caught 2026-09-04: Stellantis=Filosa, Renault=Provost, ACC=Swan, Verkor=Debrue, Einride=Charli. FR-first market; Quebec expansion rounds 1-2 complete (MTL-10 file 2026-09-05)."
payauto.ai,PRIORITY,Automotive,EN,5000,15000,"$40,000 (asking anchor $35,000-$45,000)",8,HIGH,"Live **Agentic Commerce Suite** (""enable program; **Visa Intelligent Commerce**; Shipped **Agent Pay** for AI agents",Stripe (DMPS 96) — Patrick Collison; Visa (DMPS 94) — Ryan McInerney; Mastercard (DMPS 93) — Michael Miebach,"Agentin automates quote-to-cash — orders to invoicing to payments — which is exactly what PayAuto.ai says: payments, automatically. The premium domain names your product loop in two words. Curious?",Pilot weakest yield (1 NEW) - already saturated.
knowlaw.ai,PRIORITY,Core,ES,15000,40000,"$35,000 (asking anchor $30,000-$40,000)",9,LAUNCHED,THE defining AI legal startup; Leading contract lifecycle management; Acquired by Thomson Reuters for $650M (2023),Harvey AI (DMPS 96) — Winston Weinberg (CEO & Co-Founder); Ironclad (DMPS 90) — Cai GoGwilt (Co-Founder & Chief Architect); Casetext (Thomson Reuters) (DMPS 89) — Jake Heller (CEO & Co-Founder),Harvey is the defining AI legal brand — KnowLaw.ai is the category claim that names the whole space. The premium domain is the two-word upgrade on your current name. Worth a conversation?,Pilot strongest yield (7 NEW). Exec: Lan Francis co-founder (verify title before use).
topsex.ai,PRIORITY,Adult,EN,1000,5000,"$32,500 (asking anchor $30,000-$35,000)",5,Low,Adult industry leaders (Aylo/Pornhub/Brazzers); AI-powered sex-therapy & intimacy platforms (Blueheart); premium adult studio brands (Vixen),Aylo (MindGeek) (DMPS 95); Blueheart (DMPS 92) — Dr. Sachin Raoul (CEO & Co-Founder); Vixen Media Group (DMPS 92) — Greg Lansky (CEO & Founder),"Aylo's AI content moderation is building the premium tier of adult content — the name that claims ""best"" is TopSex.ai. Six characters, exact-match, category-leading. Worth a conversation?","Blueheart/Dr. Sachin Raoul alt lead (health/ed) DMPS 92, $25-35K ask."
autopaga.com,PRIORITY,Real Estate/Mortgage,ES,1000,5000,"$30,000 (asking anchor $25,000-$35,000)",6,Medium,LATAM payments leader (300M+ users); Mexico's leading SMB payments platform; LATAM payment infrastructure (Ecuador/Mexico/Per,Mercado Pago (DMPS 96) — Marcos Galperin; Clip (DMPS 93) — Adolfo Babatz; Kushki (DMPS 91) — Aron Schwarzkopf,"Mercado Pago lidera los pagos en LATAM y su asistente de IA, Meli, ya vive en el ecosistema. El dominio premium autopaga.com dice literalmente ""paga automáticamente"" — el nombre de la categoría en español. ¿Te interesa?",
payquick.ai,PRIORITY,Payments/Fintech,EN,3000,8000,"$26,000 (asking anchor $24,000-$28,000)",7,High,Created Stripe Checkout; Shopify Payments + Shop Pay (one-click checkout); Raised **$30M Series A (Forerunner)** to reinven,"Stripe (DMPS 95); Shopify Payments (DMPS 93); Natural (DMPS 92) — Kahlil Lalji (CEO & Co-founder), Eric Wang, Walt Leung","Natural's $30M Series A is built on a simple promise: payments for AI agents, done naturally. The premium domain PayQuick.ai names that promise in two words — pay, quick, by agents. Would it fit?",
nofail.ai,PRIORITY,AI/SaaS,EN,5000,15000,"$25,000 (asking anchor $22,000-$28,000)",9,HIGH,Dominant observability platform ($30B+ market ca; Incident response leader; Modern incident management,Datadog (DMPS 94) — Olivier Pomel (CEO & Co-Founder); PagerDuty (DMPS 92); incident.io (DMPS 90) — Lawrence Jones (CEO & Co-Founder),Confident AI's governance launch gives enterprises one bar for AI quality — nofail.ai is that same promise as a name: agents that don't fail. The premium domain is the two-word version of your mission. Interested?,Pilot yield 6 NEW. PagerDuty exec = John DiLullo (NOT Tejada - stale-row fix applied 2026-09-05).
paybet.ai,PRIORITY,Betting/Gambling,EN,4000,10000,"$25,000 (asking anchor $22,000-$28,000)",7,High,#1 US sports betting platform ($20B+); #2 US sportsbook; JV between MGM + Entain,DraftKings (DMPS 95) — Jason Robins (CEO & Co-Founder); FanDuel (Flutter) (DMPS 93); BetMGM (DMPS 90),DraftKings is the betting leader — paybet.ai is the AI-payment betting brand for the next era. The premium domain says pay + bet in one word. Worth a conversation?,
rushify.ai,PRIORITY,Field Service/Logistics,EN,4000,10000,"$25,000 (asking anchor $22,000-$28,000)",8,HIGH,Dominant US food delivery ($30B+); Global mobility + delivery ($120B+); Instant delivery of convenience goods,DoorDash (DMPS 95) — Tony Xu (CEO & Co-Founder); Uber (DMPS 93); Gopuff (DMPS 90) — Rafael Ilishayev (CEO & Co-Founder),DoorDash mastered delivery speed — rushify.ai is the brand for AI-accelerated rush delivery. The premium domain names the speed your network already has. Open to a chat?,
topproducts.ai,PRIORITY,AI/SaaS,EN,5000,12000,"$25,000 (asking anchor $22,000-$28,000)",8,HIGH,"Dominant B2B software review platform; Everything store; The largest AI tool directory. 15,000+ AI tools",G2 (DMPS 95) — Godard Abel (CEO & Co-Founder); Amazon (DMPS 92); There's an AI for That (DMPS 92) — (Founder — needs verification),"G2 ranks the best products — topproducts.ai is the exact-match name for AI-era rankings. The premium domain claims the ""top products"" phrase. Worth a conversation?",
buyslimmeds.com,PRIORITY,Weight Loss,EN,5000,10000,"$22,500 (asking anchor $20,000-$25,000)",8,HIGH,DTC health leader; Public company ($4B+); Pivoted to clinical weight loss with Noom Med an,Ro (DMPS 96) — Zachariah Reitano (CEO & Co-Founder); Hims & Hers (DMPS 94) — Andrew Dudum (CEO & Co-Founder); Noom (DMPS 90),"Ro Body's GLP-1 line is exactly ""buy slim meds"" — buyslimmeds.com names the offer as a domain. The premium domain is the direct-match brand for your weight loss vertical. Worth a conversation?",
paycar.ai,PRIORITY,Automotive,EN,4000,10000,"$22,500 (asking anchor $20,000-$25,000)",8,High,Largest used car retailer; Fully digital car buying; Would use as vertical product brand for automoti,CarMax (DMPS 93); Carvana (DMPS 91) — Ernie Garcia (CEO & Co-Founder); Stripe (DMPS 88),CarMax sells cars online at scale — paycar.ai is the AI financing brand for auto payments. The premium domain names the transaction in two words. Open to a chat?,
paydeal.ai,PRIORITY,Payments/Fintech,EN,3000,8000,"$22,500 (asking anchor $20,000-$25,000)",7,High,Leading BNPL; Global BNPL leader; BNPL pioneer,Affirm (DMPS 95) — Max Levchin (CEO & Co-Founder); Klarna (DMPS 93); Afterpay (Block) (DMPS 90) — Nick Molnar (CEO & Co-Founder),Affirm built pay-over-time — paydeal.ai is the AI-deal financing brand. The premium domain says the transaction in two words your users understand. Worth a look?,
whorehouse.ai,PRIORITY,Adult,EN,1000,5000,"$22,500 (asking anchor $20,000-$25,000)",5,Low,Largest adult company; Operates xvideos + xfreeporn; Operates adult studio network,Aylo (MindGeek) (DMPS 90); WGCZ (xvideos) (DMPS 88) — (Private CEO); Gamma Entertainment (DMPS 85),"Aylo's network brands are bold on purpose — WhoreHouse.ai is that kind of name: unmistakable, exact-match, memorable. The premium domain says the category in one word. Worth a conversation?",
hispanoabogado.com,PRIORITY,Core,ES,8000,25000,"$22,000 (anchor)",9,LAUNCHED,Largest personal injury firm in US; Major Hispanic-focused personal injury & immigra,Morgan & Morgan (DMPS 92) — John Morgan (Founder & CEO); elAbogado.com (DMPS 90) — Lead Gen; Aguirre Law Firm (DMPS 88) — Oscar Aguirre (Founding Partner),Morgan & Morgan already serves Hispanic clients — hispanoabogado.com is the Hispanic lawyer as a brand. The premium domain names the category your practice already serves. ¿Te interesa conversar?,Pilot weakest yield (1 NEW) - already saturated.
infancia.ai,PRIORITY,Spanish/LatAm,ES,5000,12000,"$22,000 (anchor)",8,HIGH,Language learning powerhouse ($10B+ market cap); Global edtech leader; THE Spanish-English children's learning app,Duolingo (DMPS 95) — Luis von Ahn (CEO & Co-Founder); Khan Academy (DMPS 92) — Sal Khan (CEO & Founder); Lingokids (DMPS 90) — Cristóbal Viedma (CEO & Co-Founder),Duolingo is transforming learning — infancia.ai is the AI brand for childhood education. The premium domain names the most important stage of learning. ¿Vale la pena conversar?,
bestslimmeds.com,PRIORITY,Weight Loss,EN,3000,8000,"$20,000 (asking anchor $18,000-$22,000)",7,High,Public company ($4B+); DTC health leader; Acquired Sequence for GLP-1,Hims & Hers (DMPS 96) — Andrew Dudum (CEO & Co-Founder); Ro (DMPS 94) — Zachariah Reitano (CEO & Co-Founder); WeightWatchers (WW) (DMPS 90),"Hims & Hers' fastest-growing vertical deserves the premium claim — bestslimmeds.com is that brand extension. The premium domain says ""best"" before a page loads. Worth a conversation?",
fusebot.ai,EXPANSION-READY,Automotive,EN,5000,15000,"$20,000 (asking anchor $18,000-$22,000)",9,HIGH,Market leader in no-code integration; Zapier's biggest competitor; Enterprise RPA leader ($10B+ market cap),Zapier (DMPS 95) — Wade Foster (CEO & Co-Founder); Make (formerly Integromat) (DMPS 91); UiPath (DMPS 88) — Daniel Dines (CEO & Co-Founder),Zapier automates workflows for millions — fusebot.ai is the friendly AI-bot brand for the next automation layer. The premium domain names what your bots do in one word. Worth a conversation?,"Gumloop (Max Brodeur-Urbas) top NEW lead; Voiceflow = LinkedIn-DM channel only (implied email, owner judgment pending)."
paybud.ai,PRIORITY,Betting/Gambling,EN,3000,8000,"$20,000 (asking anchor $18,000-$22,000)",7,High,"Iconic budgeting app; Leading neobank ($25B+); **""The spend control layer for AI agents""**","Mint (Intuit) (DMPS 92) — Sasan Goodarzi (CEO, Intuit); Chime (DMPS 90) — Chris Britt (CEO & Co-Founder); Allowance (DMPS 90) — Dasmer Singh (Founder, ex-Head of Product Cash App Families)",Allowance is the budget brain for AI agents — PayBud.ai is the friendlier name for that same job: the buddy that watches the budget. The premium domain says it in two words. Interested?,
burdel.ai,PRIORITY,Adult,EN,1000,5000,"$18,000 (asking anchor $16,000-$20,000)",5,Low,"""Burdel"" is a category term; xvideos Spanish / xfreeporn; Spanish-language adult network",Aylo (Spanish division) (DMPS 92) — (Spanish SVP); WGCZ (xvideos Spanish) (DMPS 90) — (Private CEO); Gamma Entertainment (Spanish) (DMPS 85),"""Burdel"" es un término de búsqueda de alto volumen en español — Burdel.ai es la marca de tube o contenido que lo captura. El dominio premium nombra la categoría en una palabra. ¿Te interesa conversar?",Stripchat CEO = Breeze Dennis (blank filled 2026-09-05).
putasexo.com,PRIORITY,Adult,EN,,,"$18,000 (asking anchor $16,000-$20,000)",,,"Pornhub ES, YouPorn ES; xvideos has massive Spanish traffic; Operates Spanish-language tube sites",Aylo (Spanish division) (DMPS 92) — (Spanish SVP); WGCZ (xvideos Spanish) (DMPS 90) — (Private CEO); Gamma Entertainment (Spanish) (DMPS 85),Pornhub ES y YouPorn ES ya sirven el mercado hispano — PutaSexo.com captura un término de alto tráfico con match exacto. El dominio premium convierte la búsqueda en marca. ¿Te interesa conversar?,
weputt.com,EXPANSION-READY,Golf Tech,EN,,,"$18,000 (asking anchor $16,000-$20,000)",,,The definitive putting training brand. Viral Pre; PGA Tour legend's putting training brand. Endors; AR putting green technology. Used by pros. Tech-,"PuttOut (DMPS 95) — Jamie Minchin (CEO & Founder); Perfect Practice (DMPS 93) — Brad Faxon (Co-Founder, PGA pro); PuttView (DMPS 90)","PuttOut perfected putting practice — weputt.com is the playful community brand for golfers. The premium domain says ""we putt"" with personality. Curious?","Golf-tech expansion leads (TrackMan sales@, Toptracer info@, SwingU support@ fireable)."
paycarai.com,PRIORITY,Automotive,EN,500,2000,"$17,000 (asking anchor $16,000-$18,000)",4,Low,Largest used car retailer; Fully digital car buying; Would use as vertical product brand for automoti,CarMax (DMPS 93) — Bill Nash (CEO); Carvana (DMPS 91) — Ernie Garcia (CEO & Co-Founder); Stripe (DMPS 88) — Patrick Collison (CEO),CarMax's digital buying journey — paycarai.com is the brand for AI-driven car payments. The premium domain names the category as it forms. Interested?,
cheapslimmeds.com,PRIORITY,Weight Loss,EN,3000,7000,"$16,500 (asking anchor $15,000-$18,000)",7,High,Ro Body weight loss program; Launched budget GLP-1 pricing ($199/mo); Noom Med offers GLP-1 + coaching,Ro (DMPS 93); Hims & Hers (DMPS 90); Noom (DMPS 88),Ro Body is expanding an affordable tier — cheapslimmeds.com names that offer directly. The premium domain says value in two words. Worth a conversation?,
theaicustomeracquisition.com,PRIORITY,AI/SaaS,EN,3000,8000,"$16,500 (asking anchor $15,000-$18,000)",7,HIGH,Dominant CRM/marketing platform; AI-powered B2B sales intelligence platform; AI-powered B2B data enrichment and outreach,HubSpot (DMPS 95); Apollo.io (DMPS 93) — Tim Zheng (CEO & Co-Founder); Clay.com (DMPS 90) — Kareem Amin (CEO & Co-Founder),HubSpot is adding AI acquisition tools — theaicustomeracquisition.com is the exact-match brand for it. The premium domain names the category literally. Worth a conversation?,16.5K value; AI marketing category.
aisexshops.com,PRIORITY,Adult,EN,,,"$15,000 (asking anchor $14,000-$16,000)",,,Largest US adult retail chain; Leading UK adult ecommerce; Tech-forward adult toys company,Adam & Eve (DMPS 93); Lovehoney (DMPS 90) — Richard Longhurst (CEO & Co-Founder); Lovense (DMPS 88),"Adam & Eve's ecommerce push is ready for an AI-powered discovery brand — AIsexshops.com names it exactly. The premium domain says ""AI shopping"" in one word. Worth a conversation?",
amoketo.com,PRIORITY,Weight Loss,EN,500,3000,"$15,000 (asking anchor $14,000-$16,000)",5,Medium,"Keto blood/breath ketone meter company; Leading keto product brand (MCT oil, ketone supp; Major ketone supplement company (KETO//OS)",Keto Mojo (DMPS 92); Perfect Keto (DMPS 90) — Dr. Anthony Gustin (CEO & Founder); Pruvit (DMPS 88),"Keto Mojo is expanding into the Spanish-speaking market — amoketo.com (""I love keto"") is the natural brand extension. The premium domain says it in your customers' language. Worth a conversation?",
bailar.ai,PRIORITY,Spanish/LatAm,ES,3000,8000,"$15,000 (asking anchor $14,000-$16,000)",7,High,Global dance fitness brand serving 15M+ weekly; Leading online dance learning platform; AI-powered dance fitness app,Zumba (DMPS 92); STEEZY (DMPS 88) — Evan Zhou (CEO & Co-Founder); DanceBit (DMPS 85) — (Founder),"Zumba turned ""bailar"" into a global movement — bailar.ai is the AI-era extension of that brand. The premium domain names the action your product already sells. ¿Te interesa conversar?",
bajapanza.com,PRIORITY,Weight Loss,ES,500,3000,"$15,000 (asking anchor $14,000-$16,000)",4,Medium,"Spanish-language weight-loss platforms (Bajamed); US weight-loss brands w/ Hispanic advertising (SlimFast, Herbalife); LATAM behavioral weight loss (WW, Noom)",Bajamed (DMPS 93) — Dr. (Founder); SlimFast (US/Hispanic market) (DMPS 88); Herbalife Nutrition (DMPS 86),Bajamed ya habla el idioma de la pérdida de peso hispana — bajapanza.com es la extensión natural de tu marca. El dominio premium dice la promesa en dos palabras. ¿Te interesa conversar?,
cantar.ai,PRIORITY,Spanish/LatAm,ES,3000,8000,"$15,000 (asking anchor $14,000-$16,000)",7,Medium,World's largest karaoke/social singing app (100M; Latin music is #1 streaming category; Social singing app,Smule (DMPS 92); Spotify (Latin Music) (DMPS 88); Smily (Starmaker) (DMPS 85),Smule made singing a social experience — cantar.ai is the AI extension of that category. The premium domain names the action in one word your users already feel. ¿Te interesa conversar?,
curebyketo.com,EXPANSION-READY,Weight Loss,EN,1000,5000,"$15,000 (asking anchor $14,000-$16,000)",6,Medium,THE defining therapeutic keto company; CGM (continuous glucose monitor) leader; CGM + metabolic health for consumers,Virta Health (DMPS 95) — Sami Inkinen (CEO & Co-Founder); Dexcom (DMPS 90); Levels (DMPS 88) — Sam Corcos (CEO & Co-Founder),Virta's mission — reversing diabetes with keto — is literally curebyketo.com. The premium domain states your $250M mission in three words. Worth a conversation?,Lead Ketoned Bodies EXCLUDED (gambling-spam domain); Routine EXCLUDED (dead site); Ketone-IQ is top expansion lead (Geoffrey Woo).
paretobuddy.com,EXPANSION-READY,General,EN,5000,12000,"$15,000 (asking anchor $14,000-$16,000)",8,HIGH,The defining productivity platform; Aggressive productivity platform; Iconic to-do app with loyal power users,Notion (DMPS 94) — Ivan Zhao (CEO & Co-Founder); ClickUp (DMPS 91) — Zeb Evans (CEO & Founder); Todoist (Doist) (DMPS 88) — Amir Salihefendic (CEO & Founder),"Notion organizes knowledge for millions — paretobuddy.com is the friendly productivity companion brand. The premium domain pairs Pareto with a buddy, name and promise in one. Curious?","Pareto/personal-finance expansion leads (Sunsama Travis Meyer, Any.do, TickTick, Toggl)."
puticlub.ai,ACTIVE,Adult,EN,1000,5000,"$15,000 (asking anchor $14,000-$16,000)",5,Low,Aylo operates Spanish-language content (Pornhub; Live camming platform with huge Spanish-speaking; Largest live camming site,Aylo (Spanish content) (DMPS 90) — (Spanish division); Stripchat (Spanish market) (DMPS 88); Chaturbate (Spanish) (DMPS 85),Aylo ya produce contenido en español para Pornhub y Brazzers — Puticlub.ai es la marca regional que encaja en esa estrategia. El dominio premium nombra la categoría con una palabra inconfundible. ¿Te interesa conversar?,
reir.ai,ACTIVE,Spanish/LatAm,ES,3000,8000,"$15,000 (asking anchor $14,000-$16,000)",7,Medium,Massive LatAm comedy content investment; Comedy is #1 content category; Free streaming comedy platform,Netflix (Latin comedy) (DMPS 90); TikTok (Latin America) (DMPS 88); Crackle (Chicken Soup for the Soul) (DMPS 85),Netflix lidera la comedia latina — reir.ai es la marca IA del humor en español. El dominio premium nombra la acción más universal: reír. ¿Vale la pena conversar?,
apuesto.ai,ACTIVE,Betting/Gambling,ES,3000,10000,"$13,500 (anchor $12,000-$15,000)",7,High,"Spanish-language sportsbooks (Codere, Caliente); global sportsbooks w/ LATAM expansion (Bet365, DraftKings); LATAM-native operators (Betcris, BetWarrior, RushBet)",Codere (DMPS 95) — Gonzaga Higuero; Caliente (DMPS 95) — Emilio Hank; Bet365 (LATAM) (DMPS 94) — Denise Coates,Codere leads Hispanic betting — apuesto.ai is the AI-native betting brand of the next generation. The premium domain names the action in one word your users already say. ¿Te interesa conversar?,
automoveis.ai,ACTIVE,Automotive,PT,8000,20000,"$13,500 (anchor $12,000-$15,000)",9,HIGH,Brazilian auto marketplaces (215M Portuguese speakers); AI auto tech; EV adoption in Brazil,OLX Brasil Autos (DMPS 92); Webmotors (DMPS 90); iCarros (DMPS 87),Mercado Libre leads online car sales in Brazil — automoveis.ai é a marca da categoria no idioma do seu mercado. O domínio premium nomeia o setor em uma palavra. Interessado?,
automovil.ai,ACTIVE,Automotive,ES,5000,15000,"$13,500 (anchor $12,000-$15,000)",8,High,LatAm auto marketplaces (500M+ Spanish speakers); AI auto tech; EV adoption in LatAm,Mercado Libre (DMPS 93) — Marcos Galperin (CEO); OLX Autos (DMPS 90); Kavak (DMPS 88) — Carlos Garcia (CEO),Mercado Libre lidera la compraventa de autos en español — automovil.ai es la categoría en una palabra. El dominio premium nombra el sector que tu mercado ya busca. ¿Te interesa conversar?,
nobreak.ai,ACTIVE,AI/SaaS,EN,4000,10000,"$13,500 (asking anchor $12,000-$15,000)",8,HIGH,Dominant observability platform ($30B+); Incident response leader; Modern incident management,Datadog (DMPS 94); PagerDuty (DMPS 92); incident.io (DMPS 89),Datadog monitors everything — nobreak.ai is the brand for zero-downtime AI that enterprises trust. The premium domain names the promise: no break. Worth a conversation?,PagerDuty exec = John DiLullo (stale-row fix 2026-09-05).
platicar.ai,ACTIVE,Spanish/LatAm,ES,3000,8000,"$13,000 (asking anchor $12,000-$14,000)",7,Medium,Spanish is their #1 language; Language learning with conversation focus; Language learning with social conversation,Duolingo (DMPS 95); Babbel (DMPS 90); Busuu (DMPS 86),Duolingo enseña idiomas — platicar.ai es la marca IA para hablar de verdad. El dominio premium nombra la meta final de todo alumno: conversar. ¿Te interesa?,
putero.ai,ACTIVE,Adult,EN,1000,5000,"$13,000 (asking anchor $12,000-$14,000)",5,Low,Male-focused Spanish content on Pornhub/Brazzers; Male audience is core for xvideos Spanish; Male-focused live camming audience,Aylo (Spanish content) (DMPS 88) — (Spanish SVP); WGCZ (Spanish) (DMPS 85) — (Private CEO); Stripchat (Spanish male) (DMPS 82),Aylo sirve contenido masculino en español — Putero.ai es la marca regional para ese vertical. El dominio premium nombra la categoría en una palabra. ¿Te interesa conversar?,
tipsketo.com,ACTIVE,Weight Loss,EN,500,3000,"$13,000 (asking anchor $12,000-$14,000)",5,Medium,Leading keto recipe blog + product brand; Massive low-carb/keto health platform; #1 keto app,Wholesome Yum (DMPS 92) — Maya Krampf (Founder); Diet Doctor (DMPS 90); Carb Manager (DMPS 88),Wholesome Yum's 20M monthly visitors make it the keto content leader — tipsketo.com is the perfect tips extension. The premium domain brands your quick-tips vertical. Worth a conversation?,
automoviles.ai,ACTIVE,Automotive,ES,5000,15000,"$12,500 (value range $5,000-$20,000)",8,High,LatAm auto marketplaces (500M+ Spanish speakers); AI auto tech; EV adoption in LatAm,Mercado Libre (DMPS 93) — Marcos Galperin (CEO); OLX Autos (DMPS 90); Kavak (DMPS 88) — Carlos Garcia (CEO),Mercado Libre domina autos online en LATAM — automoviles.ai es el nombre de esa categoría. El dominio premium nombra el sector en el idioma exacto de tu mercado. ¿Te interesa?,
puttey.com,ACTIVE,General,EN,100,500,"$11,000 (asking anchor $10,000-$12,000)",3,Low,"AR putting green tech. ""Puttey"" is a more consum; Leading putting training brand. Puttey.com could; #1 golf app. Puttey.com could be a dedicated put",PuttView (DMPS 92); PuttOut (DMPS 90); 18Birdies (DMPS 88),"PuttView's AR putting tech is pro-grade — puttey.com is the friendly, app-like consumer brand for it. The premium domain says ""putt"" with personality. Curious?",
roiboss.com,ACTIVE,Tech/General,ES,,,"$11,000 (anchor $10,000-$12,000)",,,ROI-identity companies (their brand IS measurable return); analytics/observability SaaS (ROI as feature); marketing agencies & ROI-tracking platforms,Neil Patel Digital (DMPS 95) — Neil Patel (Co-Founder); Disruptive Advertising (DMPS 94); WhatConverts (DMPS 93) — (CEO — verify),HubSpot owns inbound marketing — roiboss.com is the brand for ROI leadership in the AI era. The premium domain says who's boss of ROI. Worth a conversation?,
dalai.com,ACTIVE,Lifestyle,ES,,,"$10,000 (appraisal table row $5,000-$15,000)",,,"Leading meditation/wellness app ($2B+). ""Dalai""; Major meditation/wellness platform. Same note as; Leading free meditation app. 25M+ users. Less es",Calm (DMPS 85); Headspace (DMPS 82); Insight Timer (DMPS 78),Calm built the meditation category — Dalai.com is the name that claims the calmest space of all. The premium domain is a meditation brand with the association built in. Worth a conversation?,
pruebadehumanidad.com,ACTIVE,Spanish/LatAm,ES,500,3000,"$10,000 (anchor)",4,Low,"Buenos Aires-based. ""Proof of Humanity"" IS their; LATAM is World's #1 market. Spanish PoH domain f; Leading Sybil resistance tool. Spanish-language","Kleros (Proof of Humanity) (DMPS 95) — Federico Ast (CEO, Argentine); World (DMPS 92); Gitcoin Passport (DMPS 75) — Kevin Owocki (Founder) / Meg Lister (GM)",Proof of Humanity verifies real people — pruebadehumanidad.com is the Spanish brand for that mission. The premium domain names the test in the market's own words. ¿Te interesa?,
automovel.ai,ACTIVE,Automotive,PT,5000,15000,"$9,000 (anchor $8,000-$10,000)",8,High,Brazilian auto marketplaces; AI auto tech; EV adoption in Brazil,OLX Brasil Autos (DMPS 92); Webmotors (DMPS 90); iCarros (DMPS 87),Mercado Libre domina o comércio de carros no Brasil — automovel.ai é a categoria em português. O domínio premium nomeia o setor com a palavra que o comprador usa. Interessado?,
halfpricednames.com,ACTIVE,General,EN,100,500,"$9,000 (anchor $8,000-$10,000)",3,Low,SquadHelp; BrandBucket; Namecheap,SquadHelp (DMPS 88); BrandBucket (DMPS 85); Namecheap (DMPS 82),SquadHelp is the domain marketplace leader — halfpricednames.com is the value-marketplace brand. The premium domain says the promise in two words buyers understand. Worth a conversation?,
hispanicpowerhouse.com,ACTIVE,Hispanic Market,EN,,,"$9,000 (asking anchor $8,000-$10,000)",,,"Largest US Latino advocacy org. ""Hispanic Powerh; Publishes the annual Latino GDP report. ""Hispani; US Hispanic Chamber. Domain = conference/initiat",UnidosUS (DMPS 92); Latino Donor Collaborative (DMPS 90); Hispanic Chamber of Commerce (DMPS 88),UnidosUS champions Hispanic economic power — hispanicpowerhouse.com is the brand for that strength. The premium domain names the community and its potential in two words. ¿Vale la pena conversar?,
latinoabogado.com,ACTIVE,Legal,ES,5000,15000,"$9,000 (anchor $8,000-$10,000)",8,High,Morgan & Morgan; Aguirre Law Firm; Molina Law Group,Morgan & Morgan (DMPS 90); Aguirre Law Firm (DMPS 87) — Oscar Aguirre (Partner); Molina Law Group (DMPS 84) — Raul Molina (Principal),"Morgan & Morgan is growing in the Latino market — latinoabogado.com is the brand that names it. The premium domain says ""Latino lawyer"" in the client's own words. ¿Te interesa?",
muyveloz.com,ACTIVE,Spanish/LatAm,ES,,,"$9,000 (asking anchor $8,000-$10,000)",,,"""Muy Veloz"" IS Ferrari. Spanish-language brand p; Italian but their LATAM customer base speaks Spa; F1 team. Massive LATAM fanbase (Checo Pérez fans",Ferrari (DMPS 92); Lamborghini (DMPS 90); Red Bull Racing (DMPS 88) — Christian Horner (Team Principal),"Ferrari es velocidad — ""muy veloz"" lo dice en español y el público hispano lo entiende al instante. El dominio premium muyveloz.com es la marca de esa velocidad. ¿Te interesa conversar?",
muyverde.com,ACTIVE,Spanish/LatAm,ES,,,"$9,000 (anchor $8,000-$10,000)",,,"EV & solar (Tesla LATAM, BYD); Spanish renewable energy (Iberdrola); organic/natural retail (Whole Foods)",Tesla (LATAM) (DMPS 90); BYD (DMPS 88); Iberdrola (DMPS 85),"Tesla is growing across LATAM — ""muy verde"" is the promise of sustainable mobility. The premium domain muyverde.com names it. ¿Vale la pena conversar?",
hipotecahispana.com,ACTIVE,Real Estate/Mortgage,ES,3000,8000,"$8,000 (anchor)",7,High,Rocket Mortgage; loanDepot; Guaranteed Rate,Rocket Mortgage (DMPS 92); loanDepot (DMPS 88); Guaranteed Rate (DMPS 85),Rocket Mortgage wants to grow with Hispanic buyers — hipotecahispana.com is the brand that speaks their language. The premium domain names the category exactly. ¿Te interesa?,
latinomedico.com,ACTIVE,Health/Wellness,ES,5000,15000,"$8,000 (anchor)",8,High,Zocdoc (Spanish); Doctoralia; UnitedHealth/Optum,Zocdoc (Spanish) (DMPS 92); Doctoralia (DMPS 88); UnitedHealth/Optum (DMPS 88),Zocdoc is expanding into Spanish — latinomedico.com is the brand for the Latino doctor. The premium domain names the category in the patient's language. ¿Vale la pena conversar?,
cavort.ai,ACTIVE,AI/SaaS,EN,2000,6000,"$7,500 (anchor $7,000-$8,000)",6,Medium,Canva (brandable); Notion; Figma,Canva (brandable) (DMPS 80); Notion (DMPS 78); Figma (DMPS 75),"Canva builds brandable, playful names — cavort.ai is a six-letter AI brand with personality. The premium domain is a fresh canvas for a creative tool that dares to be fun. Worth a look?",
tenlo.ai,ACTIVE,General,EN,2000,6000,"$7,500 (anchor $7,000-$8,000)",6,Medium,Mercado Libre; Rappi; Linio,Mercado Libre (DMPS 88); Rappi (DMPS 85); Linio (DMPS 82),"Mercado Libre is building AI commerce — tenlo.ai is the brand that says ""get it"" in Spanish. The premium domain names the promise in two words. Curious?",
apuesto.casino,ACTIVE,Betting/Gambling,ES,500,2000,"$7,000 (anchor $6,000-$8,000)",4,Low,Largest Spanish casino operator. Physical casino; Mexico's #1 casino operator. Physical + online.; Casino vertical within world's largest sportsboo,Codere (DMPS 92) — Gonzaga Higuero; Caliente (DMPS 90) — Emilio Hank; Bet365 (LATAM) (DMPS 88) — Denise Coates,Codere already runs casinos in Spanish — apuesto.casino is the brand that names the act of betting. The premium domain says exactly what the user is looking for. ¿Curioso?,
aseguranzaautos.com,ACTIVE,Spanish/LatAm,ES,,,"$7,000 (asking anchor $6,000-$8,000)",,,"Spanish-language auto-insurance lead gen (slang 'aseguranza'); US insurers w/ heavy Hispanic marketing (Geico, Progressive); #1 US auto insurers (State Farm)",GEICO (DMPS 92); Progressive (DMPS 90); State Farm (DMPS 88),"GEICO already advertises in Spanish — ""aseguranza autos"" is the term Hispanic drivers search. The premium domain is the exact-match capture of that search. ¿Vale la pena conversar?",
cerebrado.com,ACTIVE,Tech/General,EN,500,3000,"$7,000 (anchor $6,000-$8,000)",5,Medium,Duolingo; Platzi; Crehana,Duolingo (DMPS 88); Platzi (DMPS 85); Crehana (DMPS 82),"Duolingo makes learning feel effortless — ""cerebrado"" is Spanish for brain-powered learning. The premium domain cerebrado.com names smart learning in the language of your LATAM users. Curious?",
divorcereadykit.com,ACTIVE,Legal,EN,2000,6000,"$7,000 (anchor $6,000-$8,000)",7,Medium,LegalZoom; Rocket Lawyer; Hello Divorce,LegalZoom (DMPS 90); Rocket Lawyer (DMPS 88); Hello Divorce (DMPS 86) — Erin Levine (CEO & Founder),"LegalZoom makes legal simple — divorcereadykit.com is the exact-match name for a done-for-you divorce product. The premium domain says what users search, before they read a page. Worth a conversation?",
gastropub.casino,ACTIVE,Betting/Gambling,EN,500,1500,"$7,000 (anchor $6,000-$8,000)",3,Low,"Largest casino-resort operator. F&B is a strateg; Luxury casino brand. ""GastroPub"" matches their p; Largest casino operator by properties. Gordon Ra",MGM Resorts International (DMPS 95) — Bill Hornbuckle; Wynn Resorts (DMPS 94) — Craig Billings; Caesars Entertainment (DMPS 93) — Tom Reeg,"MGM Resorts knows hospitality and gaming — gastropub.casino is the hybrid brand for that crossover. The premium domain claims a fun, social casino niche no one owns yet. Open to a chat?",
mypatientprep.com,ACTIVE,Health/Wellness,EN,2000,6000,"$7,000 (anchor $6,000-$8,000)",6,Medium,Zocdoc; Phreesia; Clearwave,Zocdoc (DMPS 85); Phreesia (DMPS 82); Clearwave (DMPS 80),Zocdoc connects patients to care — mypatientprep.com is the exact-match brand for visit preparation. The premium domain names the patient's own journey. Curious?,
oneguy.org,ACTIVE,General,EN,100,500,"$7,000 (anchor $6,000-$8,000)",2,Low,AI employees platform. OneGuy = their user manif; THE solo founder community. Domain = brand exten; Solo founder track. Alum community domain.,Lindy.ai (DMPS 90); Indie Hackers (DMPS 88) — Courtland Allen (Founder); Y Combinator (DMPS 88),Lindy's AI employees do the work of many — oneguy.org is the brand for the one-person workforce. The premium domain says it in two words that stick. Curious?,
pagacasa.com,ACTIVE,Real Estate/Mortgage,ES,1000,5000,"$7,000 (anchor $6,000-$8,000)",6,Medium,"9 characters. ""Paga Casa"" = perfect SMS/PPC CTA; Ultra-short domain for mobile-first Hispanic mor","Zillow (LatAm expansion) (DMPS 85); JPMorgan Chase (DMPS 85) — Mark O'Donovan (CEO, Home Lending); Wells Fargo (DMPS 83)","Zillow is expanding into Latin America — pagacasa.com is the promise of buying a home. The premium domain says ""pays house"" in the buyer's own words. ¿Te interesa?",
veraroi.com,ACTIVE,Tech/General,ES,,,"$7,000 (anchor $6,000-$8,000)",,,"Data visualization & BI leaders (Tableau, Power BI, Looker); analytics platforms (Google Analytics); observability/ROI dashboards (Datadog, Domo)",Tableau (Salesforce) (DMPS 92); Google Analytics (DMPS 90) — Thomas Kurian (Google Cloud CEO); Datadog (DMPS 88),"Salesforce y Tableau analizan datos — veraroi.com es la marca de ""ver el ROI"" en español. El dominio premium nombra el resultado que tu cliente busca. ¿Te interesa?",
puticlub.online,ACTIVE,Adult,EN,500,2000,"$5,500 (asking anchor $5,000-$6,000)",3,Low,Aylo operates Spanish-language content (Pornhub ES; Live camming platform with huge Spanish-speaking mark; Largest live camming site; massive Spanish audience,Aylo (DMPS 90); Stripchat (DMPS 88); Chaturbate (DMPS 85),Aylo ya produce en español — el bundle Puticlub.ai + Puticlub.online (o Putero.ai + Putero.online) cubre marca y captura. Los dominios premium protegen la búsqueda exacta del mercado hispano. ¿Te interesa conversar?,
humanoreal.com,ACTIVE,General,ES,100,500,"$5,000 (anchor)",3,Low,"Proof-of-Humanity registries (World, Kleros); LATAM identity verification; AI recruitment w/ human-verification (Torre)","World (DMPS 92); Kleros (Proof of Humanity) (DMPS 90) — Federico Ast (CEO, Argentine); Prove Identity (DMPS 82)","World verifies real humans — humanoreal.com is the ""real human"" brand for the AI era. The premium domain says exactly what you verify, in the language of the market. ¿Te interesa?",
lahispanic.com,ACTIVE,Hispanic Market,ES,2000,8000,"$5,000 (appraisal table row $2,000-$8,000)",7,High,LA's #1 Spanish-language station; NBCUniversal's LA Spanish station; LA's largest Spanish-language newspaper,"Univision Los Angeles (KMEX) (DMPS 92) — (GM, KMEX); Telemundo 52 (KVEA) (DMPS 90) — (GM, KVEA); La Opinión (DMPS 88) — Monica Lozano (Former CEO)",Univision LA (KMEX) is the voice of the community — lahispanic.com is the digital brand for that audience. The premium domain names the community in one word. ¿Te interesa?,
losangeleshispanic.com,ACTIVE,Hispanic Market,ES,2000,6000,"$5,000 (asking anchor $4,000-$6,000)",7,Medium,LA's #1 Spanish-language station; NBCUniversal's LA Spanish station; LA's largest Spanish-language newspaper,Univision Los Angeles (KMEX) (DMPS 92); Telemundo 52 (KVEA) (DMPS 90); La Opinión (DMPS 88) — Monica Lozano (Former CEO),Los Angeles holds the biggest Hispanic community in the US — losangeleshispanic.com names it. The premium domain is the digital front door for that audience. ¿Te interesa conversar?,
aitoptravel.com,ACTIVE,AI/SaaS,EN,500,3000,"$4,500 (anchor $4,000-$5,000)",4,Medium,Tripadvisor; Booking.com; Expedia,Tripadvisor (DMPS 85); Booking.com (DMPS 82); Expedia (DMPS 80),Tripadvisor is adding AI trip planning — aitoptravel.com is the exact-match brand for AI-curated travel. The premium domain names the next travel category while it's still forming. Open to a chat?,
aitoptrips.com,ACTIVE,AI/SaaS,EN,500,3000,"$4,500 (anchor $4,000-$5,000)",4,Medium,Tripadvisor; Booking.com; Expedia,Tripadvisor (DMPS 85); Booking.com (DMPS 82); Expedia (DMPS 80),"AI trip planning is Tripadvisor's next chapter — aitoptrips.com names it in the words users search. The premium domain claims ""AI trips"" as a category brand. Worth a conversation?",
gastropub.games,ACTIVE,Betting/Gambling,EN,500,1500,"$4,500 (anchor $4,000-$5,000)",3,Low,"Gaming lounges + esports + dining (MGM, Dave & Buster's, Caesars, Topgolf); pub chains w/ gaming (Wetherspoon); integrated resorts (Resorts World)",MGM Resorts (DMPS 92) — Bill Hornbuckle; Dave & Buster's (DMPS 90) — Chris Morris; Caesars Entertainment (DMPS 88) — Tom Reeg,MGM is moving into casual games — gastropub.games is the social pub-games brand. The premium domain names the casual category with hospitality warmth. Interested?,
nychispanic.com,ACTIVE,Hispanic Market,EN,,,"$4,500 (anchor $4,000-$5,000)",,,THE NYC Hispanic business org. BOTH domains = th; NYC's oldest Spanish-language newspaper. Domain; NYC's 24/7 local news. Hispanic channel. Domain,NYC Hispanic Chamber of Commerce (DMPS 95); El Diario NY (DMPS 92) — — (Editor); NY1 Noticias (DMPS 90) — — (Charter/Spectrum),The NYC Hispanic Chamber unites Hispanic commerce — nychispanic.com is the digital brand for that community. The premium domain names New York's Hispanic business in one phrase. ¿Te interesa?,
putero.online,ACTIVE,Adult,EN,500,2000,"$4,500 (asking anchor $4,000-$5,000)",3,Low,Male-focused Spanish content on Pornhub/Brazzers; Male audience is core for xvideos Spanish; Male-focused live camming audience,Aylo (DMPS 88); WGCZ (DMPS 85); Stripchat (DMPS 82),Aylo ya produce en español — el bundle Puticlub.ai + Puticlub.online (o Putero.ai + Putero.online) cubre marca y captura. Los dominios premium protegen la búsqueda exacta del mercado hispano. ¿Te interesa conversar?,
theaileadgenerator.com,ACTIVE,AI/SaaS,EN,3000,8000,"$4,500 (anchor $4,000-$5,000)",7,HIGH,Apollo.io; Clay.com; Instantly.ai,Apollo.io (DMPS 88); Clay.com (DMPS 85); Instantly.ai (DMPS 82),Apollo.io owns lead generation — theaileadgenerator.com is the AI lead-gen brand for B2B teams. The premium domain names the promise exactly. Open to a chat?,
acoholfree.com,ACTIVE,General,EN,,,"$4,000 (anchor)",,,Athletic Brewing; Seedlip; Ritual Zero Proof,Athletic Brewing (DMPS 85); Seedlip (DMPS 82); Ritual Zero Proof (DMPS 80),"Athletic Brewing defined non-alcoholic beer — acoholfree.com is the exact-match brand for that category's next chapter. The premium domain says ""alcohol-free"" in the drinker's own words. Worth a conversation?",
aiapp.bet,ACTIVE,Betting/Gambling,EN,500,2000,"$4,000 (anchor)",4,Medium,DraftKings; FanDuel; BetMGM,DraftKings (DMPS 85); FanDuel (DMPS 82); BetMGM (DMPS 80),DraftKings is adding AI-driven betting features — aiapp.bet is the brand that names AI-powered wagering. The premium domain claims the next betting category before it forms. Worth a conversation?,
aikillswitch.org,ACTIVE,AI/SaaS,EN,1000,5000,"$4,000 (anchor)",5,Medium,Center for AI Safety; Future of Life Institute; MIRI,Center for AI Safety (DMPS 90) — (Director); Future of Life Institute (DMPS 88) — Max Tegmark (President); MIRI (DMPS 85) — Eliezer Yudkowsky (Co-Founder),The Center for AI Safety argues for kill switches on advanced AI — aikillswitch.org is the domain that names that mission. The premium domain is the public front door for AI safety's core ask. Interested?,
aistopbutton.com,ACTIVE,AI/SaaS,EN,1000,4000,"$4,000 (anchor)",5,Medium,Anthropic; Center for AI Safety; Future of Life Institute,Anthropic (DMPS 85); Center for AI Safety (DMPS 82) — (Director); Future of Life Institute (DMPS 80) — Max Tegmark (President),"Anthropic's safety mission needs a public-facing name — aistopbutton.com is it: stop AI, one button. The premium domain states the ask in three words anyone understands. Worth a conversation?",
aivrfun.com,ACTIVE,General,EN,,,"$4,000 (anchor)",,,Meta (VR); Rec Room; VRChat,Meta (VR) (DMPS 85); Rec Room (DMPS 82); VRChat (DMPS 80),Meta's VR push needs fun-first brands — aivrfun.com is the AI-VR entertainment name for that era. The premium domain claims the playful side of the metaverse before it fills up. Interested?,
comprarcasita.com,ACTIVE,Real Estate/Mortgage,ES,500,3000,"$4,000 (anchor)",5,Medium,Zillow (Spanish); Rocket Mortgage (Spanish); loanDepot,Zillow (Spanish) (DMPS 82); Rocket Mortgage (Spanish) (DMPS 80); loanDepot (DMPS 78),"Zillow crece en el mercado hispano — ""comprar casita"" es el sueño de la casa propia. El dominio premium comprarcasita.com lo nombra con cariño. ¿Te interesa conversar?",
gastropub.bet,ACTIVE,Betting/Gambling,EN,500,2000,"$4,000 (anchor $3,500-$4,500)",3,Low,"Las Vegas's premier sports betting + dining dest; Sports betting leader. Retail sportsbooks expand; Caesars Sportsbook + nationwide properties. ""Gas",Circa Sports (DMPS 92) — Derek Stevens; DraftKings (DMPS 90) — Jason Robins; Caesars Entertainment (DMPS 88) — Tom Reeg,Circa Sports could launch a pub-themed betting brand — gastropub.bet is that name. The premium domain pairs hospitality culture with sports betting in one memorable phrase. Worth a look?,
miniterapia.com,ACTIVE,Health/Wellness,ES,500,2000,"$4,000 (anchor)",5,Medium,BetterHelp; Talkspace; Headspace,BetterHelp (DMPS 85); Talkspace (DMPS 82); Headspace (DMPS 80),"BetterHelp is growing in Spanish — miniterapia.com is the brand for brief, accessible therapy. The premium domain names therapy in two words the user understands. ¿Te interesa?",
pagatucasa.com,ACTIVE,Real Estate/Mortgage,ES,1000,5000,"$4,000 (anchor)",6,Medium,"$50B+ mortgage portfolio. ""Pay your house"" in Sp; Rebuilding trust with Hispanic communities. Doma","JPMorgan Chase (DMPS 85) — Mark O'Donovan (CEO, Home Lending); Wells Fargo (DMPS 83); Zillow (LatAm) (DMPS 82)","Zillow's LATAM expansion needs local brands — pagatucasa.com is ""pay your house"" in the language of the buyer. The premium domain names the action. ¿Vale la pena?",
paguecasa.com,ACTIVE,Real Estate/Mortgage,ES,1000,5000,"$4,000 (anchor)",6,Medium,Zillow (LatAm); Rocket Mortgage (Spanish); Properati,Zillow (LatAm) (DMPS 82); Rocket Mortgage (Spanish) (DMPS 80); Properati (DMPS 78),"The Hispanic homebuyer searches ""pague casa"" — paguecasa.com is the exact match for that search. The premium domain names the transaction in two words. ¿Te interesa conversar?",
pootle.ai,ACTIVE,General,EN,2000,6000,"$4,000 (anchor)",6,Medium,Notion; Canva; Figma,Notion (DMPS 80); Canva (DMPS 78); Figma (DMPS 75),"Notion ships playful product names — pootle.ai is a soft, brandable AI name for a new tool. The premium domain is an open canvas with personality. Curious?",
possibleagi.com,ACTIVE,AI/SaaS,EN,1000,5000,"$4,000 (anchor)",5,Medium,Anthropic; OpenAI; DeepMind,Anthropic (DMPS 85); OpenAI (DMPS 82); DeepMind (DMPS 80),Anthropic is building toward AGI — possibleagi.com is the brand that says it's possible. The premium domain names the mission in two words. Open to a chat?,
gosexai.com,ACTIVE,Adult,EN,,,"$3,500 (anchor)",,,Aylo (Pornhub); Vixen Media; WGCZ (xvideos),Aylo (Pornhub) (DMPS 82); Vixen Media (DMPS 78); WGCZ (xvideos) (DMPS 75),"Aylo produces for the Hispanic market — gosexai.com is the AI-era brand for that audience. The premium domain says ""go sex"" in two words that need no translation. ¿Te interesa conversar?",
laxhispanic.com,ACTIVE,Hispanic Market,ES,1000,4000,"$3,500 (asking anchor $3,000-$4,000)",6,Medium,LA's #1 Spanish-language station; NBCUniversal's LA Spanish station; LAX-area businesses targeting Hispanic customers,Univision Los Angeles (KMEX) (DMPS 92); Telemundo 52 (KVEA) (DMPS 90); La Opinión (DMPS 88),LA's Hispanic audience is one of the largest in media — laxhispanic.com names it. The premium domain is the digital brand for that audience's connection point. ¿Te interesa?,
nychispano.com,ACTIVE,Hispanic Market,ES,,,"$3,500 (anchor $3,000-$4,000)",,,THE NYC Hispanic business org; NYC's oldest Spanish-language newspaper; NYC's 24/7 local news,NYC Hispanic Chamber of Commerce (DMPS 95) — Nick Lugo (CEO); El Diario NY (DMPS 92); NY1 Noticias (DMPS 90),New York's Hispanic community is one of the largest — nychispano.com names it in its own language. The premium domain is the digital brand for that audience. ¿Vale la pena conversar?,
adelgazacomiendograsa.com,ACTIVE,Health/Wellness,ES,100,500,"$3,000 (anchor)",2,Low,Perfect Keto (Spanish); Keto Mojo (LatAm); Diet Doctor (Spanish),Perfect Keto (Spanish) (DMPS 78); Keto Mojo (LatAm) (DMPS 75); Diet Doctor (Spanish) (DMPS 72),"Perfect Keto already leads keto in English — ""adelgaza comiendo grasa"" is the Spanish promise of the same method. The premium domain says it in your customers' exact words. ¿Te interesa conversar?",
aiappbet.com,ACTIVE,Betting/Gambling,EN,500,2000,"$3,000 (anchor)",4,Medium,DraftKings; FanDuel; BetMGM,DraftKings (DMPS 85) — Jason Robins (CEO); FanDuel (DMPS 82) — Amy Howe (CEO); BetMGM (DMPS 80) — Adam Greenblatt (CEO),"The next betting category is AI-native apps — aiappbet.com names it exactly. The premium domain is the brand for AI-powered wagering, ready for the moment the market searches it. Open to a chat?",
aitopshelf.com,ACTIVE,AI/SaaS,EN,500,3000,"$3,000 (anchor)",4,Medium,Futurepedia; Product Hunt; AppSumo,Futurepedia (DMPS 85) — (Founder); Product Hunt (DMPS 82); AppSumo (DMPS 80),"Futurepedia curates the best of AI — aitopshelf.com is the premium-tier brand for that curation. ""Top shelf"" says best-in-class before a page loads, and the domain owns the phrase. Interested?",
aitopshops.com,ACTIVE,AI/SaaS,EN,500,3000,"$3,000 (anchor)",4,Medium,Shopify; Amazon; Etsy,Shopify (DMPS 82); Amazon (DMPS 80); Etsy (DMPS 78),Shopify is layering AI into commerce — aitopshops.com is the brand for AI-powered shopping. The premium domain names the next way people shop before competitors do. Worth a look?,
apuesto.ad,ACTIVE,Betting/Gambling,ES,100,500,"$3,000 (anchor)",3,Low,"Dominant Spanish operator. Ad platform for their; #1 Spanish betting affiliate. ""Apuesto"" + .ad =; World's largest betting affiliate. Spanish ad br",Codere (DMPS 88) — Gonzaga Higuero; Apuestas.com (DMPS 86) — (CEO — needs LLM); Better Collective (DMPS 84) — Jesper Søgaard,"Codere dominates Spanish-language betting — apuesto.ad is the niche brand for Andorra and European Spanish markets. The premium domain says ""I bet"" in the user's own words. ¿Te interesa?",
congoogle.com,ACTIVE,General,EN,,,"$3,000 (value range $1,000-$5,000)",,,Google (LatAm); Google Cloud (Spanish); Google Ads (Spanish),Google (LatAm) (DMPS 80) — (LatAm VP); Google Cloud (Spanish) (DMPS 75) — (LatAm Director); Google Ads (Spanish) (DMPS 72) — (Director),"Google is expanding across Latin America — congoogle.com is the Spanish-language companion brand for its services. The premium domain names the everyday phrase: ""with Google."" ¿Vale la pena conversar?",
gastropub.bid,ACTIVE,Betting/Gambling,EN,100,500,"$3,000 (anchor $2,500-$3,500)",2,Low,"Auction houses + luxury hospitality (Sotheby's, Christie's); ultra-luxury casino VIP programs (Wynn, Sands, Galaxy); crypto-casino luxury (Stake)",Sotheby's (DMPS 92) — Charles F. Stewart; Christie's (DMPS 90) — Guillaume Cerutti; Wynn Resorts (DMPS 88) — Craig Billings,Sotheby's auctions attract unique properties — gastropub.bid is the playful auction domain for the hospitality crowd. The premium domain makes bidding memorable and on-brand. Curious?,
jogpay.com,ACTIVE,Payments/Fintech,EN,,,"$3,000 (anchor)",,,Strava; Fitbit (Google); Sweatcoin,Strava (DMPS 85); Fitbit (Google) (DMPS 82) — (VP); Sweatcoin (DMPS 80),"Strava tracks millions of runs — jogpay.com is the brand for the running economy: pay for joggers, rewards, or races. The premium domain names the category. Curious?",
mexicannabico.com,ACTIVE,Cannabis,ES,1000,4000,"$3,000 (anchor)",5,Medium,Canopy Growth (LatAm); Khiron Life Sciences; Aurora Cannabis (LatAm),Canopy Growth (LatAm) (DMPS 88); Khiron Life Sciences (DMPS 86); Aurora Cannabis (LatAm) (DMPS 84),Canopy Growth wants to enter LATAM cannabis — mexicannabico.com is the brand for the Mexican market. The premium domain names the exact territory and category. ¿Te interesa?,
mexmota.com,ACTIVE,Cannabis,ES,500,2000,"$3,000 (anchor)",4,Medium,Weedmaps; Leafly; Glass House Brands,Weedmaps (DMPS 90); Leafly (DMPS 88); Glass House Brands (DMPS 85),"Weedmaps is growing in Spanish — ""mota"" is the word of the Mexican cannabis community. The premium domain mexmota.com speaks that language. ¿Vale la pena conversar?",
vivorg.com,ACTIVE,Spanish/LatAm,EN,,,"$3,000 (anchor)",,,Noom; FitOn; MyFitnessPal,Noom (DMPS 78); FitOn (DMPS 75); MyFitnessPal (DMPS 72) — Mike Giancursio (SVP),Noom transforms habits for life — vivorg.com is the brand for living with energy. The premium domain names the outcome your program delivers. ¿Vale la pena conversar?,
apuesto.xyz,ACTIVE,Betting/Gambling,ES,100,500,"$2,750 (anchor $2,500-$3,000)",3,Low,World's largest crypto casino. LATAM = core mark; Crypto casino with massive LATAM user base. Span; #1 prediction market. No Spanish-language brand.,Stake.com (DMPS 95) — (CEO — needs LLM); BC.Game (DMPS 88) — (CEO — needs LLM); Polymarket (DMPS 86) — Shayne Coplan,"Stake.com is capturing the Hispanic crypto-betting market — apuesto.xyz speaks that language. The premium domain names the action in one word: ""apuesto."" ¿Te interesa conversar?",
lahispano.org,ACTIVE,Hispanic Market,ES,1000,3000,"$2,750 (asking anchor $2,500-$3,000)",5,Medium,Hispanic community/advocacy organizations (.org); LA Spanish-language media; Hispanic nonprofit digital presence,Univision Los Angeles (KMEX) (DMPS 92); Telemundo 52 (KVEA) (DMPS 90); La Opinión (DMPS 88),"Univision LA already reaches millions — lahispano.org is the community domain for that audience. The premium domain names ""lo hispano"" in one word. ¿Te interesa conversar?",
agizent.com,ACTIVE,General,EN,100,500,"$2,500 (anchor)",3,Low,AI-agent identity OS (Oak); AI-agent control plane / observability (Guild.ai); AI-agent security platforms (Noma Security) — new AI-agent infrastructure cohort,"Oak (DMPS 90) — Shai Morag (CEO & Co-founder), Tal Marom (CPO); Guild.ai (DMPS 85) — (Founder per LinkedIn post); Noma Security (DMPS 82)","Oak's $60M seed backs an AI-native identity OS — the only mismatch is the .id TLD for an identity company. The premium domain agizent.com says ""agent"" + ""governance"" in one clean .com. Worth a look?",
aitopdeals.com,ACTIVE,AI/SaaS,EN,500,3000,"$2,500 (anchor)",4,Medium,Futurepedia; Product Hunt; AppSumo,Futurepedia (DMPS 88) — (Founder); Product Hunt (DMPS 85); AppSumo (DMPS 82),"Futurepedia tracks the best AI tools and deals — aitopdeals.com is the exact-match name for that vertical. The premium domain claims ""AI deals"" as a search and a brand at once. Open to a chat?",
appai.bet,ACTIVE,Betting/Gambling,EN,500,2000,"$2,500 (anchor)",4,Medium,DraftKings; FanDuel; BetMGM,DraftKings (DMPS 82); FanDuel (DMPS 80); BetMGM (DMPS 78),"DraftKings is exploring AI products for betting — appai.bet is the app-first AI betting brand. The premium domain names the category in two words, ready for the search wave. Worth a look?",
aquexa.com,ACTIVE,Tech/General,EN,500,3000,"$2,500 (anchor)",5,Medium,"Direct-competitor AI consultancy (AGIgent, near-identical name); phonetic 'aqua' brand overlaps; AI SaaS identity brands",AGIgent (DMPS 72) — (AGIgent leadership); Aquiva Labs (DMPS 70) — (Founder); Acquia (DMPS 68),"AGIgent's brand lives on a near-identical name — aquexa.com is the clean, six-letter version that avoids the collision. The premium domain is yours to migrate to or protect. Worth a conversation?",
cancelarsuscripciones.com,ACTIVE,Spanish/LatAm,ES,100,500,"$2,500 (anchor)",3,Low,Rocket Money; Mint (Intuit); Trim,Rocket Money (DMPS 90); Mint (Intuit) (DMPS 85); Trim (DMPS 82),"Rocket Money helps people cancel subscriptions — ""cancelar suscripciones"" is the exact Spanish search. The premium domain captures it word for word as a brand. ¿Te interesa?",
nomoreagi.com,ACTIVE,AI/SaaS,EN,500,3000,"$2,500 (anchor)",5,Medium,Center for AI Safety; Future of Life Institute; MIRI,Center for AI Safety (DMPS 85) — (Director); Future of Life Institute (DMPS 82) — Max Tegmark (President); MIRI (DMPS 80) — Eliezer Yudkowsky,The Center for AI Safety is working to prevent AGI harm — nomoreagi.com is the stark brand for that debate. The premium domain states the position in two words. Interested?,
airedbutton.com,ACTIVE,General,EN,100,500,"$2,000 (anchor)",2,Low,Anthropic; Conjecture; ARC Evals,Anthropic (DMPS 88); Conjecture (DMPS 85); ARC Evals (DMPS 82) — Paul Christiano (Founder),Anthropic pushes for control and oversight of AI agents — airedbutton.com is the emergency-stop brand for that work. The premium domain names the red button your safety mission is about. Curious?,
aitopstuff.com,ACTIVE,AI/SaaS,EN,500,2000,"$2,000 (anchor)",3,Low,Amazon; Shopify; Walmart,Amazon (DMPS 80); Shopify (DMPS 78); Walmart (DMPS 75),"Amazon's AI shopping push is making ""AI top stuff"" a real category — aitopstuff.com names it. The premium domain claims the AI-curated picks brand for the discovery era. Curious?",
amomota.com,ACTIVE,General,ES,100,500,"$2,000 (anchor)",3,Low,Weedmaps; Leafly; Cookies (Berner),Weedmaps (DMPS 88); Leafly (DMPS 85); Cookies (Berner) (DMPS 82),"Weedmaps leads cannabis discovery in the US — ""amo mota"" is the phrase of the Hispanic cannabis community. The premium domain amomota.com speaks that language. ¿Te interesa conversar?",
appaibet.com,ACTIVE,Betting/Gambling,EN,500,2000,"$2,000 (anchor)",4,Medium,DraftKings; FanDuel; BetMGM,DraftKings (DMPS 82) — Jason Robins (CEO); FanDuel (DMPS 80) — Amy Howe (CEO); BetMGM (DMPS 78) — Adam Greenblatt (CEO),"The AI betting app category is forming now — appaibet.com is its exact-match name. The premium domain is the brand for AI-powered betting apps, claimable by the first mover. Curious?",
bajaturenta.com,ACTIVE,Real Estate/Mortgage,ES,500,2000,"$2,000 (anchor)",5,Medium,Zillow (Rentals); Apartments.com; Realtor.com (Rentals),Zillow (Rentals) (DMPS 85); Apartments.com (DMPS 82); Realtor.com (Rentals) (DMPS 80),"Zillow is expanding rentals across LATAM — bajaturenta.com is the promise every renter searches. The premium domain says ""lower your rent"" in the user's exact words. ¿Vale la pena conversar?",
comodejardebeber.com,ACTIVE,Health/Wellness,ES,100,500,"$2,000 (anchor)",3,Low,Monument; Tempest; Reframe,Monument (DMPS 85); Tempest (DMPS 82) — Holly Whitaker (Founder); Reframe (DMPS 80),"Monument helps people stop drinking — ""cómo dejar de beber"" is the exact Spanish search. The premium domain captures that question word for word as a brand. ¿Te interesa?",
fieldlogbook.com,ACTIVE,Field Service/Logistics,EN,1000,4000,"$2,000 (anchor)",6,Medium,ServiceTitan; Jobber; Housecall Pro,ServiceTitan (DMPS 88); Jobber (DMPS 85); Housecall Pro (DMPS 82),ServiceTitan's technicians live in the field — fieldlogbook.com is the exact-match brand for their daily log. The premium domain names the tool your workers actually use. Worth a conversation?,
fieldworkorder.com,ACTIVE,Field Service/Logistics,EN,1000,4000,"$2,000 (anchor)",6,Medium,ServiceMax; IFS (Field Service); Oracle (Field Service),ServiceMax (DMPS 88); IFS (Field Service) (DMPS 85); Oracle (Field Service) (DMPS 82),ServiceMax manages field service work — fieldworkorder.com is the exact-match name for the workflow. The premium domain names the category your product already owns. Open to a chat?,
fightrenthike.com,ACTIVE,General,EN,500,2000,"$2,000 (anchor)",4,Low,JustFix; Tenant Union Federation; Legal Services Corp,JustFix (DMPS 85) — Georges Clement (Co-Founder); Tenant Union Federation (DMPS 82) — (Director); Legal Services Corp (DMPS 80) — Ron Flagg (President),JustFix helps tenants fight rent hikes — fightrenthike.com is the exact-match domain for that mission. The premium domain says the outcome in three words tenants search. Interested?,
ganalana.com,ACTIVE,General,ES,100,500,"$2,000 (anchor)",3,Low,Rush Street Interactive (RushBet); Codere; Bet365 (LatAm),Rush Street Interactive (RushBet) (DMPS 88); Codere (DMPS 85); Bet365 (LatAm) (DMPS 82),"RushBet is growing fast in Mexico — ganalana.com is the brand that connects with that audience. The premium domain speaks the player's language: ""gana, lana."" ¿Te interesa conversar?",
parardebeber.com,ACTIVE,Health/Wellness,ES,100,500,"$2,000 (anchor)",3,Low,Reframe; Monument; Sunnyside,Reframe (DMPS 85); Monument (DMPS 82); Sunnyside (DMPS 80),Reframe helps people stop drinking — parardebeber.com is the promise in Spanish. The premium domain says the goal in two words the user searches. ¿Vale la pena conversar?,
poweraiready.com,ACTIVE,General,EN,500,2000,"$2,000 (anchor)",3,Low,NVIDIA; CoreWeave; Lambda Labs,NVIDIA (DMPS 82); CoreWeave (DMPS 78); Lambda Labs (DMPS 75),NVIDIA powers the AI era — poweraiready.com is the brand for AI-ready infrastructure. The premium domain says the promise your customers need. Interested?,
quitesuacasa.com,ACTIVE,Real Estate/Mortgage,ES,500,3000,"$2,000 (anchor)",5,Medium,Brazilian home equity lending unicorn ($1B+ valu; Brazil's largest mortgage bank. Handles Minha Ca; Brazil's leading real estate platform ($5B+ valu,Creditas (DMPS 92); Caixa Econômica Federal (DMPS 90) — Carlos Vieira (President); QuintoAndar (DMPS 88),"Creditas helps people clear their debts — ""quite su casa"" is the promise of a mortgage resolved. The premium domain quitesuacasa.com names it. ¿Vale la pena conversar?",
rentahumanos.com,ACTIVE,Spanish/LatAm,ES,1000,5000,"$2,000 (anchor)",5,Medium,Workana; Freelancer.com (LatAm); SoyFreelancer,Workana (DMPS 88); Freelancer.com (LatAm) (DMPS 85); SoyFreelancer (DMPS 82),"Workana connects freelance talent — ""renta humanos"" names the freelance economy model. The premium domain rentahumanos.com says it clearly. ¿Vale la pena conversar?",
rentapersona.com,ACTIVE,Spanish/LatAm,ES,1000,5000,"$2,000 (anchor)",5,Medium,Care.com; Cuideo; Cronoshare,Care.com (DMPS 85); Cuideo (DMPS 82); Cronoshare (DMPS 80),Care.com connects families with caregivers — rentapersona.com is the Spanish name for that category. The premium domain names the service in the user's words. ¿Te interesa?,
roiexa.com,ACTIVE,Tech/General,EN,500,3000,"$2,000 (anchor)",5,Medium,HubSpot; Salesforce (Analytics); Ahrefs,HubSpot (DMPS 75); Salesforce (Analytics) (DMPS 72); Ahrefs (DMPS 70),HubSpot's analytics could go exact — roiexa.com is the ROI brand at exa-scale. The premium domain pairs ROI with precision marketers can measure. Curious?,
sandbagai.com,ACTIVE,AI/SaaS,EN,2000,6000,"$2,000 (anchor)",6,Medium,Anthropic; Conjecture; Safe Superintelligence,Anthropic (DMPS 78); Conjecture (DMPS 75); Safe Superintelligence (DMPS 72),Anthropic is the safety-first AI lab — sandbagai.com is the Spanish-market brand for trusted AI. The premium domain names the reliable assistant. ¿Te interesa?,
topaiguys.com,ACTIVE,General,EN,500,2000,"$2,000 (anchor)",4,Low,FutureTools (Matt Wolfe); There's An AI For That; AI Tool Hunt,FutureTools (Matt Wolfe) (DMPS 85) — Matt Wolfe (Founder); There's An AI For That (DMPS 82) — (Founder); AI Tool Hunt (DMPS 80) — (Founder),"Matt Wolfe reviews AI tools daily — topaiguys.com is the community brand for AI creators. The premium domain says ""top AI guys"" with personality. Interested?",
muyguay.com,ACTIVE,Spanish/LatAm,ES,500,2000,"$1,800 (anchor)",4,Low,Zara (Inditex); Mango; Vogue México,Zara (Inditex) (DMPS 85); Mango (DMPS 82); Vogue México (DMPS 78) — (Editor),"Zara dominates young fashion — ""muy guay"" is the expression of that audience. The premium domain muyguay.com speaks their language. ¿Te interesa conversar?",
muyloca.com,ACTIVE,Spanish/LatAm,ES,500,2000,"$1,800 (anchor)",4,Low,Univision (entertainment); TelevisaUnivision; Billboard Latin,Univision (entertainment) (DMPS 85) — (Entertainment SVP); TelevisaUnivision (DMPS 82); Billboard Latin (DMPS 78) — (Editor),"Univision entertains millions — muyloca.com is the brand for entertainment without limits. The premium domain says ""muy loca"" in two words that connect. ¿Vale la pena?",
muysabrosa.com,ACTIVE,Spanish/LatAm,ES,500,2000,"$1,800 (anchor)",4,Low,Goya Foods; Tastemade (Latin); Delish (Hearst),Goya Foods (DMPS 88); Tastemade (Latin) (DMPS 82) — (SVP); Delish (Hearst) (DMPS 78) — (Editor),"Goya Foods feeds the Hispanic palate — ""muy sabrosa"" is the word of that cuisine. The premium domain muysabrosa.com speaks that language. ¿Te interesa?",
nofailai.com,ACTIVE,AI/SaaS,ES,500,2000,"$1,800 (anchor)",4,Low,Datadog; PagerDuty; incident.io,Datadog (DMPS 90); PagerDuty (DMPS 88); incident.io (DMPS 85),Datadog's reliability mission — nofailai.com is the no-failure AI brand for the enterprise. The premium domain states the guarantee in two words. Open to a chat?,
dalai.co,ACTIVE,Lifestyle,ES,500,2000,"$1,750 (asking anchor $1,500-$2,000)",5,Low,Leading meditation/wellness app ($2B+); Major meditation/wellness platform; Leading free meditation app,Calm (DMPS 85) — David Ko (CEO); Headspace (DMPS 82) — Russell Glass (CEO); Insight Timer (DMPS 78) — Christopher Plowman (CEO),"Calm's mission is inner peace — dalai.co is a short, calm, six-letter name for a companion meditation brand. The premium domain fits your brand family and the promise of stillness. Curious?",
dalai.fit,ACTIVE,Lifestyle,ES,500,2000,"$1,750 (asking anchor $1,500-$2,000)",5,Low,Fitness/wellness apps (.fit niche); Wellness marketplace (Mindbody); Fitness app brand extension,MyFitnessPal (DMPS 68) — Mike Giancursio (SVP); Mindbody/ClassPass (DMPS 65) — Fritz Lanman (CEO); Sweat (DMPS 62) — Kayla Itsines,Calm is expanding into mindful movement — dalai.fit pairs peace with fitness. The premium domain is the brand for the intersection of meditation and health. Open to a chat?,
lahispano.net,ACTIVE,Hispanic Market,ES,500,2000,"$1,750 (asking anchor $1,500-$2,000)",4,Low,LA Hispanic media (.net redirect); LA's #1 Spanish-language station; Spanish-language newspaper,Univision Los Angeles (KMEX) (DMPS 92); Telemundo 52 (KVEA) (DMPS 90); La Opinión (DMPS 88),The Hispanic community of Los Angeles is the largest — lahispano.net names it in its own language. The premium domain is the digital brand that connects with that audience. ¿Vale la pena conversar?,
cdmx.bet,ACTIVE,Betting/Gambling,EN,500,2000,"$1,500 (anchor)",3,Low,Caliente; Codere (Mexico); Bet365 (Mexico),Caliente (DMPS 90); Codere (Mexico) (DMPS 88); Bet365 (Mexico) (DMPS 85),Caliente dominates betting in Mexico — cdmx.bet is the brand for the capital's market. The premium domain names the exact city and market in one phrase. ¿Te interesa conversar?,
paguesucasa.com,ACTIVE,Real Estate/Mortgage,ES,1000,5000,"$1,500 (anchor)",6,Medium,"""Pague su casa"" = formal banking language. Chase; Formal Spanish. Rebuilding trust. Professional t","JPMorgan Chase (DMPS 88) — Mark O'Donovan (CEO, Home Lending); Rocket Mortgage (DMPS 85); Wells Fargo (DMPS 85)","Rocket Mortgage wants Hispanic homebuyers — paguesucasa.com is ""pay your house"" in the client's language. The premium domain names the goal. ¿Te interesa?",
teapuesto.bet,ACTIVE,Betting/Gambling,ES,500,2000,"$1,500 (anchor)",4,Low,"Largest sportsbook. Adding social betting. ""Te a; DFS + sportsbook. Social/pool betting features.; Mexico's #1 sportsbook. Social betting among Mex",Bet365 (Social features) (DMPS 88) — Denise Coates; FanDuel (DMPS 86) — Amy Howe; Caliente (DMPS 85) — Emilio Hank,"Bet365 domina las apuestas — ""te apuesto"" es la frase del apostador en todo el mundo hispano. El dominio premium teapuesto.bet habla ese idioma. ¿Vale la pena conversar?",
teapuesto.casino,ACTIVE,Betting/Gambling,ES,500,1500,"$1,200 (anchor)",3,Low,Spanish/LATAM casino + sports. Social casino pot; Mexico's #1. Social casino with friends.; Spanish online casino. Social features growing.,Codere (DMPS 86) — Gonzaga Higuero; Caliente (DMPS 84) — Emilio Hank; PlayUZU (DMPS 82) — (CEO — needs LLM),"Codere lidera el casino hispano — ""te apuesto"" es la voz del jugador que busca emoción. El dominio premium teapuesto.casino la convierte en marca. ¿Te interesa conversar?",
teapuesto.xyz,ACTIVE,Betting/Gambling,ES,100,500,$800 (anchor),3,Low,"#1 prediction market. ""Te apuesto"" = social pred; Largest crypto casino. LATAM social betting.; Crypto casino. LATAM social features.",Polymarket (DMPS 85) — Shayne Coplan; Stake.com (DMPS 84) — (CEO — needs LLM); BC.Game (DMPS 80) — (CEO — needs LLM),"Polymarket is growing prediction markets — ""te apuesto"" is the phrase of the market. The premium domain teapuesto.xyz speaks that language. ¿Te interesa conversar?",
agisunrise.com,ACTIVE,General,EN,100,500,$400 (anchor),3,Low,OpenAI; Anthropic; DeepMind (Google),OpenAI (DMPS 70); Anthropic (DMPS 68); DeepMind (Google) (DMPS 65),"OpenAI is building toward AGI — agisunrise.com names the dawn of that era. The premium domain is the brand for the sunrise moment of general intelligence, before anyone else claims it. Curious?",
exaroi.com,ACTIVE,General,EN,100,500,$400 (anchor),3,Low,ROI Solutions; ROI Hunter; ClickFunnels,ROI Solutions (DMPS 60); ROI Hunter (DMPS 55); ClickFunnels (DMPS 50),ROI Solutions lives in the ROI analytics space — exaroi.com is the clean six-letter brand for it. The premium domain upgrades a generic name into something ownable. Curious?,
racita.com,ACTIVE,General,ES,100,500,$400 (anchor),3,Low,Rita's Italian Ice; SquadHelp (brandable); BrandBucket,Rita's Italian Ice (DMPS 58); SquadHelp (brandable) (DMPS 55); BrandBucket (DMPS 52),"Rita's Italian Ice built a beloved brand — racita.com is the playful extension for the Latin market. The premium domain says ""little Rita"" with affection. Curious?",
leanmeds.com,SOLD,Weight Loss,EN,,,"$24,000 (asking anchor $20,000-$28,000)",,,Raised $1B+; Public company (HIMS); Pivoted to clinical weight loss with Noom Med,Ro (Roman) (DMPS 95) — Zachariah Reitano (CEO & Co-Founder); Hims & Hers (DMPS 93) — Andrew Dudum (CEO & Co-Founder); Noom (DMPS 88),"Ro Body's GLP-1 line is exactly what LeanMeds.com names — lean medication, direct to consumer. The premium domain says the offer in two words. Worth a conversation?",SOLD via Spaceship (Trinity HealthCare Supply). No outreach.
